[{"model": "minatech.courses", "pk": 1, "fields": {"name": "loda or lasana", "img": "processDescription.png", "price": 10000, "desc": "Lorem ipsum dolor sit amet consectetur adipisicing elit. Nulla voluptates incidunt sunt! Unde commodi, placeat dolores hic molestias mollitia praesentium eos adipisci voluptate quasi autem odit animi, quas iure enim laboriosam qui dolorum harum, labore laudantium aperiam eligendi delectus quod nesciunt. Et quasi, ea corrupti sapiente explicabo repellendus cupiditate possimus architecto sunt culpa sint dolores quis dolorem illo, aliquam facilis hic sequi consequuntur? Esse quos atque voluptatibus delectus, excepturi, dignissimos modi quo sint sit minus perferendis non. Iure natus accusantium quibusdam exercitationem fugiat fuga, dolore impedit tempore illum reiciendis adipisci voluptas aut temporibus cumque doloremque sequi soluta, eos consequuntur provident."}}, {"model": "minatech.courses", "pk": 2, "fields": {"name": "bhosdilka lund", "img": "12737598144_eb57fa0129_b.jpg", "price": 100000, "desc": "Lorem ipsum dolor sit amet consectetur adipisicing elit. Nulla voluptates incidunt sunt! Unde commodi, placeat dolores hic molestias mollitia praesentium eos adipisci voluptate quasi autem odit animi, quas iure enim laboriosam qui dolorum harum, labore laudantium aperiam eligendi delectus quod nesciunt. Et quasi, ea corrupti sapiente explicabo repellendus cupiditate possimus architecto sunt culpa sint dolores quis dolorem illo, aliquam facilis hic sequi consequuntur? Esse quos atque voluptatibus delectus, excepturi, dignissimos modi quo sint sit minus perferendis non. Iure natus accusantium quibusdam exercitationem fugiat fuga, dolore impedit tempore illum reiciendis adipisci voluptas aut temporibus cumque doloremque sequi soluta, eos consequuntur provident."}}, {"model": "minatech.courses", "pk": 3, "fields": {"name": "MAdarchod lund", "img": "maxresdefault.jpg", "price": 1234567, "desc": "Lorem, ipsum dolor sit amet consectetur adipisicing elit. Necessitatibus, voluptates sunt atque saepe, provident quam ex eum eligendi pariatur aliquid illum optio tempore vitae! Aperiam accusamus modi officia cumque, ab corrupti commodi labore facere! Atque incidunt, beatae corrupti odio ea laboriosam? Ut facere ratione voluptatem? Quidem maiores nesciunt hic, impedit sint, qui pariatur perspiciatis rem sunt praesentium libero id! Sapiente incidunt iure rerum ex, modi expedita quasi dignissimos eius voluptate odit accusantium ipsa aliquam vero provident, quia quas repellat iusto minus libero nostrum voluptatem odio deleniti corrupti maiores. Cupiditate, deleniti veniam quia odit ad asperiores ipsam nostrum quas dolorem a!"}}, {"model": "minatech.courses", "pk": 4, "fields": {"name": "nya course", "img": "IMG_20200509_142115.jpg", "price": 12345678, "desc": "lorem ipsum"}}, {"model": "minatech.coursecontent", "pk": 1, "fields": {"content": "Lecture_1_-_Finite_State_Machines_Part_1_9.mp4", "title": "Fintie State Automata", "notes": "Lorem ipsum dolor sit amet consectetur adipisicing elit. Sunt nesciunt delectus consectetur in culpa, ipsa ut dolores temporibus id tempore quo sed explicabo autem voluptas. Quisquam provident distinctio ut similique iste minima expedita tempore, sed reprehenderit quibusdam alias? Corporis cupiditate natus ipsum porro odio autem hic. Odio incidunt totam eligendi.", "course": 1, "uploadedOn": "2021-06-27T18:31:43.063Z"}}, {"model": "minatech.coursecontent", "pk": 2, "fields": {"content": "3f979ea157b5920b495f2bd7f9e05373.0p.mp4", "title": "Fintie State Automata 2", "notes": "", "course": 1, "uploadedOn": "2021-06-27T18:45:07.461Z"}}, {"model": "minatech.coursecontent", "pk": 3, "fields": {"content": "4de4ad822df34779869bb34c23739c1e.0p.mp4", "title": "Fintie State Automata 3", "notes": "", "course": 1, "uploadedOn": "2021-06-27T18:45:20.011Z"}}, {"model": "minatech.coursecontent", "pk": 4, "fields": {"content": "38c50cbf78ab2fe7e569f001e23f486f.0p.mp4", "title": "Fintie State Automata 4", "notes": "", "course": 1, "uploadedOn": "2021-06-27T18:45:33.761Z"}}, {"model": "minatech.coursecontent", "pk": 5, "fields": {"content": "", "title": "content for nya course", "notes": "lorem ipsum", "course": 4, "uploadedOn": "2021-06-27T20:20:44.201Z"}}, {"model": "minatech.blogs", "pk": 1, "fields": {"title": "TEst Blog", "post": "Lorem ipsum dolor sit amet consectetur adipisicing elit. Nulla voluptates incidunt sunt! Unde commodi, placeat dolores hic molestias mollitia praesentium eos adipisci voluptate quasi autem odit animi, quas iure enim laboriosam qui dolorum harum, labore laudantium aperiam eligendi delectus quod nesciunt. Et quasi, ea corrupti sapiente explicabo repellendus cupiditate possimus architecto sunt culpa sint dolores quis dolorem illo, aliquam facilis hic sequi consequuntur? Esse quos atque voluptatibus delectus, excepturi, dignissimos modi quo sint sit minus perferendis non. Iure natus accusantium quibusdam exercitationem fugiat fuga, dolore impedit tempore illum reiciendis adipisci voluptas aut temporibus cumque doloremque sequi soluta, eos consequuntur provident.", "image": "In-House_Internship_Project.png", "uploadOn": "2021-06-27T17:17:50.451Z", "author": 1}}, {"model": "admin.logentry", "pk": 1, "fields": {"action_time": "2021-06-27T17:17:50.451Z", "user": 1, "content_type": 9, "object_id": "1", "object_repr": "blogs object (1)", "action_flag": 1, "change_message": "[{\"added\": {}}]"}}, {"model": "admin.logentry", "pk": 2, "fields": {"action_time": "2021-06-27T17:18:11.981Z", "user": 1, "content_type": 8, "object_id": "1", "object_repr": "loda or lasana", "action_flag": 1, "change_message": "[{\"added\": {}}]"}}, {"model": "admin.logentry", "pk": 3, "fields": {"action_time": "2021-06-27T17:18:44.040Z", "user": 1, "content_type": 8, "object_id": "2", "object_repr": "bhosdilka lund", "action_flag": 1, "change_message": "[{\"added\": {}}]"}}, {"model": "admin.logentry", "pk": 4, "fields": {"action_time": "2021-06-27T17:19:22.961Z", "user": 1, "content_type": 8, "object_id": "1", "object_repr": "loda or lasana", "action_flag": 2, "change_message": "[{\"changed\": {\"fields\": [\"Desc\"]}}]"}}, {"model": "admin.logentry", "pk": 5, "fields": {"action_time": "2021-06-27T17:48:26.331Z", "user": 1, "content_type": 8, "object_id": "3", "object_repr": "MAdarchod lund", "action_flag": 1, "change_message": "[{\"added\": {}}]"}}, {"model": "admin.logentry", "pk": 6, "fields": {"action_time": "2021-06-27T18:31:43.081Z", "user": 1, "content_type": 10, "object_id": "1", "object_repr": "courseContent object (1)", "action_flag": 1, "change_message": "[{\"added\": {}}]"}}, {"model": "admin.logentry", "pk": 7, "fields": {"action_time": "2021-06-27T18:45:07.491Z", "user": 1, "content_type": 10, "object_id": "2", "object_repr": "courseContent object (2)", "action_flag": 1, "change_message": "[{\"added\": {}}]"}}, {"model": "admin.logentry", "pk": 8, "fields": {"action_time": "2021-06-27T18:45:20.011Z", "user": 1, "content_type": 10, "object_id": "3", "object_repr": "courseContent object (3)", "action_flag": 1, "change_message": "[{\"added\": {}}]"}}, {"model": "admin.logentry", "pk": 9, "fields": {"action_time": "2021-06-27T18:45:33.791Z", "user": 1, "content_type": 10, "object_id": "4", "object_repr": "courseContent object (4)", "action_flag": 1, "change_message": "[{\"added\": {}}]"}}, {"model": "admin.logentry", "pk": 10, "fields": {"action_time": "2021-06-27T19:04:34.511Z", "user": 1, "content_type": 10, "object_id": "2", "object_repr": "courseContent object (2)", "action_flag": 2, "change_message": "[{\"changed\": {\"fields\": [\"Content\"]}}]"}}, {"model": "admin.logentry", "pk": 11, "fields": {"action_time": "2021-06-27T19:04:42.291Z", "user": 1, "content_type": 10, "object_id": "3", "object_repr": "courseContent object (3)", "action_flag": 2, "change_message": "[{\"changed\": {\"fields\": [\"Content\"]}}]"}}, {"model": "admin.logentry", "pk": 12, "fields": {"action_time": "2021-06-27T19:04:48.376Z", "user": 1, "content_type": 10, "object_id": "4", "object_repr": "courseContent object (4)", "action_flag": 2, "change_message": "[{\"changed\": {\"fields\": [\"Content\"]}}]"}}, {"model": "admin.logentry", "pk": 13, "fields": {"action_time": "2021-06-27T19:58:24.381Z", "user": 1, "content_type": 4, "object_id": "1", "object_repr": "admin", "action_flag": 2, "change_message": "[{\"changed\": {\"fields\": [\"First name\", \"Last name\"]}}]"}}, {"model": "admin.logentry", "pk": 14, "fields": {"action_time": "2021-06-27T20:03:03.041Z", "user": 1, "content_type": 4, "object_id": "2", "object_repr": "aniket.vyas@spsu.ac.in", "action_flag": 2, "change_message": "[{\"changed\": {\"fields\": [\"password\"]}}]"}}, {"model": "admin.logentry", "pk": 15, "fields": {"action_time": "2021-06-27T20:03:08.755Z", "user": 1, "content_type": 4, "object_id": "2", "object_repr": "aniket.vyas@spsu.ac.in", "action_flag": 2, "change_message": "[]"}}, {"model": "admin.logentry", "pk": 16, "fields": {"action_time": "2021-06-27T20:20:10.981Z", "user": 1, "content_type": 8, "object_id": "4", "object_repr": "nya course", "action_flag": 1, "change_message": "[{\"added\": {}}]"}}, {"model": "admin.logentry", "pk": 17, "fields": {"action_time": "2021-06-27T20:20:44.251Z", "user": 1, "content_type": 10, "object_id": "5", "object_repr": "content for nya course", "action_flag": 1, "change_message": "[{\"added\": {}}]"}}, {"model": "auth.permission", "pk": 1, "fields": {"name": "Can add log entry", "content_type": 1, "codename": "add_logentry"}}, {"model": "auth.permission", "pk": 2, "fields": {"name": "Can change log entry", "content_type": 1, "codename": "change_logentry"}}, {"model": "auth.permission", "pk": 3, "fields": {"name": "Can delete log entry", "content_type": 1, "codename": "delete_logentry"}}, {"model": "auth.permission", "pk": 4, "fields": {"name": "Can view log entry", "content_type": 1, "codename": "view_logentry"}}, {"model": "auth.permission", "pk": 5, "fields": {"name": "Can add permission", "content_type": 2, "codename": "add_permission"}}, {"model": "auth.permission", "pk": 6, "fields": {"name": "Can change permission", "content_type": 2, "codename": "change_permission"}}, {"model": "auth.permission", "pk": 7, "fields": {"name": "Can delete permission", "content_type": 2, "codename": "delete_permission"}}, {"model": "auth.permission", "pk": 8, "fields": {"name": "Can view permission", "content_type": 2, "codename": "view_permission"}}, {"model": "auth.permission", "pk": 9, "fields": {"name": "Can add group", "content_type": 3, "codename": "add_group"}}, {"model": "auth.permission", "pk": 10, "fields": {"name": "Can change group", "content_type": 3, "codename": "change_group"}}, {"model": "auth.permission", "pk": 11, "fields": {"name": "Can delete group", "content_type": 3, "codename": "delete_group"}}, {"model": "auth.permission", "pk": 12, "fields": {"name": "Can view group", "content_type": 3, "codename": "view_group"}}, {"model": "auth.permission", "pk": 13, "fields": {"name": "Can add user", "content_type": 4, "codename": "add_user"}}, {"model": "auth.permission", "pk": 14, "fields": {"name": "Can change user", "content_type": 4, "codename": "change_user"}}, {"model": "auth.permission", "pk": 15, "fields": {"name": "Can delete user", "content_type": 4, "codename": "delete_user"}}, {"model": "auth.permission", "pk": 16, "fields": {"name": "Can view user", "content_type": 4, "codename": "view_user"}}, {"model": "auth.permission", "pk": 17, "fields": {"name": "Can add content type", "content_type": 5, "codename": "add_contenttype"}}, {"model": "auth.permission", "pk": 18, "fields": {"name": "Can change content type", "content_type": 5, "codename": "change_contenttype"}}, {"model": "auth.permission", "pk": 19, "fields": {"name": "Can delete content type", "content_type": 5, "codename": "delete_contenttype"}}, {"model": "auth.permission", "pk": 20, "fields": {"name": "Can view content type", "content_type": 5, "codename": "view_contenttype"}}, {"model": "auth.permission", "pk": 21, "fields": {"name": "Can add session", "content_type": 6, "codename": "add_session"}}, {"model": "auth.permission", "pk": 22, "fields": {"name": "Can change session", "content_type": 6, "codename": "change_session"}}, {"model": "auth.permission", "pk": 23, "fields": {"name": "Can delete session", "content_type": 6, "codename": "delete_session"}}, {"model": "auth.permission", "pk": 24, "fields": {"name": "Can view session", "content_type": 6, "codename": "view_session"}}, {"model": "auth.permission", "pk": 25, "fields": {"name": "Can add contact", "content_type": 7, "codename": "add_contact"}}, {"model": "auth.permission", "pk": 26, "fields": {"name": "Can change contact", "content_type": 7, "codename": "change_contact"}}, {"model": "auth.permission", "pk": 27, "fields": {"name": "Can delete contact", "content_type": 7, "codename": "delete_contact"}}, {"model": "auth.permission", "pk": 28, "fields": {"name": "Can view contact", "content_type": 7, "codename": "view_contact"}}, {"model": "auth.permission", "pk": 29, "fields": {"name": "Can add courses", "content_type": 8, "codename": "add_courses"}}, {"model": "auth.permission", "pk": 30, "fields": {"name": "Can change courses", "content_type": 8, "codename": "change_courses"}}, {"model": "auth.permission", "pk": 31, "fields": {"name": "Can delete courses", "content_type": 8, "codename": "delete_courses"}}, {"model": "auth.permission", "pk": 32, "fields": {"name": "Can view courses", "content_type": 8, "codename": "view_courses"}}, {"model": "auth.permission", "pk": 33, "fields": {"name": "Can add blogs", "content_type": 9, "codename": "add_blogs"}}, {"model": "auth.permission", "pk": 34, "fields": {"name": "Can change blogs", "content_type": 9, "codename": "change_blogs"}}, {"model": "auth.permission", "pk": 35, "fields": {"name": "Can delete blogs", "content_type": 9, "codename": "delete_blogs"}}, {"model": "auth.permission", "pk": 36, "fields": {"name": "Can view blogs", "content_type": 9, "codename": "view_blogs"}}, {"model": "auth.permission", "pk": 37, "fields": {"name": "Can add course content", "content_type": 10, "codename": "add_coursecontent"}}, {"model": "auth.permission", "pk": 38, "fields": {"name": "Can change course content", "content_type": 10, "codename": "change_coursecontent"}}, {"model": "auth.permission", "pk": 39, "fields": {"name": "Can delete course content", "content_type": 10, "codename": "delete_coursecontent"}}, {"model": "auth.permission", "pk": 40, "fields": {"name": "Can view course content", "content_type": 10, "codename": "view_coursecontent"}}, {"model": "auth.user", "pk": 1, "fields": {"password": "pbkdf2_sha256$260000$UvuO7JEgeAoUuV7i40HEh6$nVScLg6Zkb+pw35jp5StBI9WGRrm1+4eDg5+9r1AVKU=", "last_login": "2021-06-27T20:18:16.516Z", "is_superuser": true, "username": "admin", "first_name": "admin", "last_name": "aadmin", "email": "admin@admin.com", "is_staff": true, "is_active": true, "date_joined": "2021-06-27T17:13:57Z", "groups": [], "user_permissions": []}}, {"model": "auth.user", "pk": 2, "fields": {"password": "pbkdf2_sha256$260000$HMAdgMOLUby6SgdqAdst82$DYjXM4KEEijFhYYP5BCy80eeEaGNTkovVD+Ox9+xjXw=", "last_login": "2021-06-27T20:03:31.061Z", "is_superuser": false, "username": "aniket.vyas@spsu.ac.in", "first_name": "aniket", "last_name": "vyas", "email": "aniket.vyas@spsu.ac.in", "is_staff": false, "is_active": true, "date_joined": "2021-06-27T20:00:56Z", "groups": [], "user_permissions": []}}, {"model": "auth.user", "pk": 3, "fields": {"password": "pbkdf2_sha256$260000$bZqKGgYQJpLug5iniFpLoV$bv5uD/2E+Zp+R/khuPJ9IdPabBelG/6EA7PfLlG/YsM=", "last_login": "2021-06-27T20:04:19.211Z", "is_superuser": false, "username": "kunal.bohra@spsu.ac.in", "first_name": "kunal", "last_name": "bohra", "email": "kunal.bohra@spsu.ac.in", "is_staff": false, "is_active": true, "date_joined": "2021-06-27T20:03:57.721Z", "groups": [], "user_permissions": []}}, {"model": "contenttypes.contenttype", "pk": 1, "fields": {"app_label": "admin", "model": "logentry"}}, {"model": "contenttypes.contenttype", "pk": 2, "fields": {"app_label": "auth", "model": "permission"}}, {"model": "contenttypes.contenttype", "pk": 3, "fields": {"app_label": "auth", "model": "group"}}, {"model": "contenttypes.contenttype", "pk": 4, "fields": {"app_label": "auth", "model": "user"}}, {"model": "contenttypes.contenttype", "pk": 5, "fields": {"app_label": "contenttypes", "model": "contenttype"}}, {"model": "contenttypes.contenttype", "pk": 6, "fields": {"app_label": "sessions", "model": "session"}}, {"model": "contenttypes.contenttype", "pk": 7, "fields": {"app_label": "minatech", "model": "contact"}}, {"model": "contenttypes.contenttype", "pk": 8, "fields": {"app_label": "minatech", "model": "courses"}}, {"model": "contenttypes.contenttype", "pk": 9, "fields": {"app_label": "minatech", "model": "blogs"}}, {"model": "contenttypes.contenttype", "pk": 10, "fields": {"app_label": "minatech", "model": "coursecontent"}}, {"model": "sessions.session", "pk": "7ufd7ygkl24fpoloqd05jv4skibey04p", "fields": {"session_data": ".eJxVjDEOwjAMRe-SGUVp66SYkb1niOzYIQXUSk07Ie4OlTrA8of_nt7LRNrWEreqSxzFXExjTr8fU3rotAO503SbbZqndRnZ7oo9aLXDLPq8Hu5foFAtezZBgN6LOmFA5eAyCwIF5e9KB4rNuSdk7RgdNNx6ZmxzzgQefGfeH_mpOGY:1lxbEO:zcmXXZmT8uiz_FNq-V6D98W7_DKC6t6M2p9kKPj5JQY", "expire_date": "2021-07-11T20:18:16.649Z"}}]